text,spam
Does Hanuman Chalisa do miracles? Has anyone witnessed a miracle?,1
"[$32,500 in Prizes] Wager, Refer and win big this month",1
ğŸš¨ Educative is half off today,1
"[ClubRiches] Triple Your Deposit with FreeBitcoin's Exclusive 300%
 Bonus!",1
Your Weekly Moment with Aura: Becoming your own best friend,1
Living in Bomb  Timeâ€Šâ€”â€Š41  | Richard Crim,1
Data Analytics End to End Power BI Course @ 2499 INR.,1
Will Flutter replace React Native?,1
Discover the role of a Software QA Engineer ğŸŒŸ,1
Putin Admits  heâ€™s  lost the War | Daniel G. Jennings in Lessons from History,1
Master System Design & DSA : Last Reminder,1
Embedded Engineering  Roadmapâ€Šâ€”â€ŠSay  No to Arduino! | Umer Farooq,1
Can you please add all the drives links,1
Your Weekly Contest Progress in One Email!,1
"Congratulations! You can now get Tech Neuron for just 9,500 INR!",1
Annaâ€™s Journey to QA Success with Careerist ğŸš€,1
"Bill Walton, the Shy Warrior | Andrew Szanton",1
"[Win $7,500] Be One of 10 Lucky Winners This Week",1
"Keep your Timeline? Decide by DecemberÂ 8,Â 2024",1
"This Sunday, You Could Win $7,500",1
Power BI Course Starts Tomorrow - Enroll Now for â‚¹2499,1
ğŸ”¥ Ready for a Tech Adventure? ğŸ”¥,1
Get your resume shortlisted in MAANG companies ğŸ’¼,1
add me to gdrives,1
Meet Rubin: Nvidia's next-gen AI chip unveiled,1
I am 47 years old and Iâ€™m single. What should I do?,1
Lowering the Bar for creators: AI Voice Changer,1
What does early schizophrenia feel like?,1
Does Hanuman Chalisa do miracles? Has anyone witnessed a miracle?,1
"Vector Embeddings Explained for Developers! | Pavan Belagatti in
 Level Up Coding",1
"5 Python Projects to Boost Your Skills in A Weekend | Axel Casas, PhD
 Candidate in Python in Plain English",1
"React 19 is coming,  whatâ€™s  new? | Wayne",1
"Exclusive Offer for FreeBitcoin Members: 0.88% Rebate on Roulette
 at Dplay Casino!",1
Is seeing 11:11 and 111 a good sign for twin flames?,1
"[ClubRiches] Unlock a 300% Bonus Exclusively for You! Triple Your
 Deposit Now!",1
Master Full-Stack Data Science with an Exclusive Surprise Offer!,1
Master Full-Stack Data Science with an Exclusive Surprise Offer!,1
Transform into a QA Professional in Just 16 Weeks!,1
[Daily Jackpot] Multiply Your Winnings Every Single Day!,1
"What Happens When You Start Reading Every Day | Sufyan Maan, M.Eng in
 ILLUMINATION",1
the art of disappearing | remi  ;à¼Š,1
New announcement for ExerciseDB API,1
Listen For Your Next Photo | Merchant of Adrenaline,1
ğŸš€ Last Chance: Up To 26% Off ğŸš€,1
hi,1
"Kolmogorov-Arnold Networks (KANs) Might Change AI As We Know It,
 Forever | Dr. Ashish Bamania in Level Up Coding",1
[New Bets Added] Bigger Share for Early Bettors!,1
7 Things I  Shouldâ€™ve  Learnt Much Earlier For Python Functions | Liu Zuo Lin in Level Up Coding,1
Request,1
Memorial Day Extended: Now 35% Off,1
Final Call: Career Bootcamp For Working Professionals ğŸ‘¨ğŸ»â€ğŸ’»,1
Ready to transform your career ?,1
Request,1
[Attention High Rollers] Daily Jackpot Wins Await You!,1
Hi,1
Final Call: How to crack high salary packages in IT industry? ğŸ‘¨ğŸ»â€ğŸ’»,1
When does schizophrenia generally appear?,1
Is joining Infosys your biggest mistake?,1
[2X RP Boost] Get your Apple Watch Series 9 faster with 2X RP,1
Double Your Earnings with Our 200% Referral Boost!,1
Introducing ChatPDF: Chat with Your Documents!,1
Final Reminder: Enroll Now for Data Analytics Power BI Course,1
Event Invite: How to crack high salary packages in IT industry? ğŸ‘¨ğŸ»â€ğŸ’»,1
"My dad is 57, and I'm 12, and it's embarrassing to tell my friends at school my dad's...?",1
"Data Cleaning and Principal Components Analysis (PCA) using Python. |
 Milan's Outlook",1
I need to lose 15 kg in 3 weeks. How much do I need to eat each day and how much do I...?,1
New grads and jr devs: don't miss these career hacks,1
"More related to ""Why are snakes so expensive at pet stores?""",1
Amazon Commits $230M to Generative AI,1
"System Design Interview Question: Design Spotify | Hayk Simonyan in
 Level Up Coding",1
Max Glubochansky: the Power of Career Coaching at Careerist,1
All Contest Stats Delivered to Your Inbox!,1
"10 Seconds That Ended My 10-Year Career | Scott Mayer in In Fitness
 And In Health",1
The Controversial Truth about Tech Debt | Raphael Moutard,1
"[New] Golden Ticket Contest: Win a Lambo or $200,000 in BTC!",1
"[2-3-4 Triple Treat] Golden Tickets, Lottery Tickets & RP Inside!",1
Unlock Ultimate Benefits with Premium!,1
Why I Keep Failing Candidates During Google Interviewsâ€¦  | Alexander Nguyen in Level Up Coding,1
Was Lord Shiva ever a child?,1
"Gentle introduction to State Space Models | Jorgecardete in The Deep
 Hub",1
"[2-3-4 Triple Treat] Golden Tickets, Lottery Tickets & RP Inside!",1
Advance Your Career Now!,1
[Only 48 Hours] Unlock iPhones & More 4X Faster!,1
How to Use ChatGPT in Daily Life? | Tirendaz AI in Level Up Coding,1
"RAG on Complex PDF using LlamaParse, Langchain and Groq | Plaban
 Nayak in The AI Forum",1
Will ChatGPT replace programmers?,1
"I have 3 offers, HCL (19), PWC (20), and Deloitte (21). Which one should I join consi...?",1
SDE-3 @MAANG Puru Kathuria will tell you the tips to crack Top Companies,1
"be kind to yourself,  youâ€™re  doing the best you can | remi  ;à¼Š",1
Low Quality Image Detection | Shuyi Yang in Towards Data Science,1
[48 Hours Only] Unlock Devices 5 Times Faster,1
[Dplay] Sign Up and Get 100% Welcome Bonus + 10% Cashback!,1
I have BPD. Why do I spend every penny I have?,1
Coming Up: New QA Testing Cohort - June 25th ğŸ’»,1
Get started with voting and commenting,1
Your Weekly Moment with Aura: How Heavy Is a Glass of Water?,1
ğŸ¤” Why does every tech company need QA Testers?,1
[Bet Now] Explore New Bets and Multiply Your Winnings!,1
Your Weekly Moment with Aura: Finding Beauty in Everyone,1
"How I Tricked My Brain To Like Doing Hard Things [Dopamine Detox] |
 Vinuki Vidhara in SoulSync",1
Beyond Animation: A Taste of Home in  Disneyâ€™s Raya | Piqolette in Southeast Asia,1
"thelastking2058, Take it or Miss it. Today is the last day to apply the coupon SUPERDEAL",1
Boost Your QA Careerâ€”Starting 05/28!,1
ğŸš€ Hurry up! Next QA Testing program starts MONDAY! â°,1
Is OYO Rooms doing fraud with their customers?,1
"More related to ""What if I passed my exam with low marks? I am from Nepal.""",1
Your Weekly Contest Stats Email Is Here!,1
A Heartfelt Farewell from IAmEars,1
[Bet Now] Explore New Bets and Multiply Your Winnings!,1
I have BPD. Why do I destroy everyone I love?,1
Software Testing: Your Questions Answered!,1
Siri just got smarter: Apple integrates ChatGPT,1
Request,1
Add me,1
How do you start your day?,1
Why is bipolar disorder so difficult to treat and what is the most successful treatment?,1
Announcing Quadratic for Education,1
Laziness Does Not Exist | Devon Price in Human Parts,1
We've never done this before...,1
Last Chance to Enroll in our Power BI Course.,1
"Your Chance to Win $32,500 Every Month!",1
Hurry up! Next QA Testing program starts TOMORROW! â° ğŸš€,1
[Premium] Unlock Extraordinary Benefits with Premium Membership!,1
ğŸ”„ Streamline your workflow with these Interface Improvements,1
"Is 52,000 AED/month sufficient salary for a single man in Dubai?",1
âš¡ Unlock Your Future Now with Careerist âš¡,1
"[ClubRiches] Join the Football Rush Tournament and Win Your Share
 of EUR 200K",1
hello,1
Ready for a Tech Adventure? ğŸ”¥,1
"[2-3-4 Triple Treat] Golden Tickets, Lottery Tickets & RP Inside!",1
Request,1
Complete MLOPS with End to End Projects andÂ Deployment  @ 3999 /-,1
How is it like to have a Muslim roommate?,1
Please add me in the shared drive. Thanks in advance.,1
ğŸ¤” Software Testing: Your Questions Answered!,1
Fostering Psychological Safety for Effective Performance Reviews,1
Fostering Psychological Safety for Effective Performance Reviews,1
Fostering Psychological Safety for Effective Performance Reviews,1
"Downscaling a Satellite Thermal Image from 1000 m to 10 m (Python) | Mahyar Aboutalebi, Ph.D.  ğŸ“  in Towards Data Science",1
âš¡ï¸ Supercharge Your Growth with AI,1
What symptoms did you notice before being diagnosed with cancer?,1
"[Dplay] Win Up to $100 with Dplay's New Game Releases + Exclusive
 Welcome Bonus!",1
â° New Podcast Alert! â°,1
ğŸš€ Grab Your Spot Now!,1
Request,1
"[$32,500 in Prizes] Wager, Refer and win big this month",1
Your Weekly Moment with Aura: Heaven & Hell,1
"This Sunday, You Could Win $7,500",1
Here's how to get job-ready this June,1
Encrypted DNS on devices without native support? Yes!,1